epoch,NDCG@10,HR@10
1.0,0.04607630127474612,0.097
2.0,0.060855185638025944,0.118
3.0,0.07027207563856912,0.139
